participant,replay_day,coverage_06_22,meals,later_meals,breakfast_rise_mg_dl,forecast_peaks_at_high_line,actual_peaks_at_high_line,graded_meals,gummi_curve_mae,last_value_curve_mae,gummi_peak_error,qualifies
002,2,1.0,7,5,49.0,4,6,7,22.6,27.4,27.1,True
013,4,1.0,4,3,107.5,3,3,4,29.5,42.9,33.4,True
011,2,1.0,6,5,106.5,3,3,6,26.9,25.5,32.5,True
014,8,1.0,4,2,99.5,3,4,4,22.8,26.7,30.1,True
011,10,1.0,4,3,81.0,3,3,4,23.2,35.0,37.7,True
012,6,1.0,9,5,57.0,3,3,9,15.5,19.6,15.5,True
006,6,1.0,5,2,104.0,2,3,5,21.8,27.6,27.9,True
012,4,1.0,9,7,83.5,2,4,9,24.8,35.3,31.5,True
008,8,1.0,3,2,49.5,2,3,3,14.1,26.7,14.5,True
011,8,1.0,4,2,46.5,2,3,4,13.9,21.3,21.6,True
010,8,1.0,7,3,116.5,1,4,7,35.7,70.7,61.0,True
013,6,1.0,7,6,109.0,1,7,7,22.8,37.2,35.2,True
010,4,1.0,7,3,99.0,1,5,7,27.1,32.1,44.4,True
009,4,1.0,7,6,94.5,1,5,7,24.0,33.5,43.7,True
014,6,1.0,5,3,66.0,1,2,5,26.2,24.8,31.6,True
016,3,0.979,4,2,64.5,1,1,4,30.6,27.4,25.3,True
002,6,1.0,5,4,62.0,1,1,5,23.8,23.7,17.0,True
002,4,1.0,6,4,61.5,1,4,5,16.1,26.6,23.4,True
011,6,1.0,6,4,53.5,1,2,6,15.9,24.5,17.8,True
006,8,1.0,3,3,52.5,1,2,3,31.0,55.5,32.5,True
008,4,1.0,4,3,49.0,1,3,4,16.8,28.4,27.9,True
002,7,1.0,5,4,,5,3,5,24.3,23.7,14.8,False
012,5,1.0,9,6,,5,7,9,12.6,16.9,10.0,False
012,8,0.88,11,8,43.0,3,6,9,17.9,16.7,12.8,False
009,2,1.0,7,4,18.0,3,5,7,24.6,33.2,32.5,False
006,5,1.0,6,6,,3,3,6,12.2,25.8,12.8,False
011,9,1.0,3,2,,3,3,3,56.4,19.6,59.6,False
012,7,1.0,11,7,,3,5,11,17.6,19.0,23.6,False
013,7,1.0,6,6,,3,5,6,19.2,19.7,28.1,False
012,2,0.99,13,8,39.5,2,2,13,8.0,9.1,8.6,False
013,2,1.0,7,6,35.5,2,7,7,17.3,21.9,31.7,False
006,4,1.0,5,2,25.5,2,3,5,14.1,26.8,15.6,False
002,8,1.0,5,4,11.0,2,2,5,32.0,24.4,30.9,False
002,1,0.682,5,4,,2,1,2,29.1,19.0,23.6,False
002,3,1.0,5,4,,2,3,5,15.3,21.1,18.5,False
002,5,0.583,5,4,,2,3,4,25.5,25.2,44.9,False
004,7,1.0,3,3,,2,3,3,17.5,21.4,27.7,False
006,9,1.0,7,6,,2,5,7,14.6,26.6,25.1,False
011,7,1.0,3,2,,2,2,3,22.6,27.2,22.9,False
013,3,1.0,6,5,,2,5,6,12.3,27.1,15.3,False
011,4,0.958,4,2,45.0,1,2,4,23.1,18.0,21.3,False
003,4,0.938,5,3,39.5,1,2,3,15.1,23.1,11.2,False
006,2,1.0,3,3,38.5,1,2,3,15.5,24.3,10.7,False
001,9,1.0,4,3,34.0,1,3,4,16.7,18.4,25.7,False
004,8,1.0,3,2,31.0,1,1,3,13.2,8.5,6.2,False
006,10,1.0,3,2,20.0,1,1,3,21.3,30.5,29.3,False
016,5,1.0,5,3,17.0,1,1,5,20.7,18.8,21.1,False
001,8,1.0,5,4,,1,3,5,13.3,15.2,14.6,False
002,9,0.229,1,0,,1,1,1,21.9,33.5,33.5,False
003,1,0.698,4,3,,1,1,3,31.2,31.5,41.0,False
005,7,1.0,4,4,,1,1,4,15.5,16.3,8.1,False
006,1,0.609,7,5,,1,3,4,21.2,28.3,32.8,False
006,3,1.0,3,3,,1,3,3,19.7,40.5,20.9,False
006,7,1.0,4,3,,1,2,4,33.7,53.8,33.6,False
006,11,0.219,1,0,,1,1,1,21.8,20.4,15.1,False
008,3,1.0,3,2,,1,1,3,16.8,17.4,22.4,False
008,7,0.964,3,2,,1,1,2,18.6,23.5,17.7,False
008,9,1.0,3,2,,1,3,3,18.3,21.9,26.5,False
009,5,1.0,6,4,,1,6,6,18.0,28.9,31.7,False
009,9,0.318,1,0,,1,1,1,37.7,44.2,56.7,False
011,1,0.786,4,3,,1,2,2,17.7,29.7,14.8,False
011,3,1.0,5,3,,1,4,5,16.0,17.8,11.9,False
011,5,0.974,4,2,,1,1,4,24.7,28.1,21.0,False
012,1,0.26,3,3,,1,1,1,20.4,12.2,5.6,False
012,9,0.224,1,0,,1,1,1,23.9,41.4,47.1,False
013,5,1.0,6,6,,1,5,6,14.3,20.9,20.0,False
013,8,0.391,1,0,,1,1,1,32.2,29.2,46.9,False
014,5,1.0,5,3,,1,2,5,15.2,24.0,14.9,False
014,9,0.318,1,0,,1,1,1,21.6,29.4,29.6,False
016,1,0.708,5,3,,1,2,2,29.5,16.8,30.6,False
016,2,1.0,2,1,,1,1,2,25.3,22.7,37.8,False
016,6,1.0,3,1,,1,0,3,44.3,30.1,35.8,False
009,6,1.0,4,3,110.5,0,3,4,35.2,49.6,52.2,False
007,8,1.0,6,5,110.0,0,2,6,20.9,35.1,26.9,False
009,8,1.0,6,4,104.0,0,1,6,20.3,30.8,25.9,False
010,2,1.0,10,6,88.5,0,3,10,18.5,24.5,20.3,False
007,6,1.0,3,2,83.0,0,1,3,20.2,22.9,22.6,False
014,2,1.0,6,4,82.0,0,4,6,18.8,27.6,29.0,False
010,6,1.0,10,6,78.0,0,6,10,29.5,44.3,47.5,False
004,2,1.0,3,2,72.5,0,1,3,22.6,15.8,37.7,False
004,6,1.0,3,2,72.5,0,2,3,27.9,24.3,43.8,False
014,4,1.0,6,4,72.5,0,3,6,16.0,21.1,20.2,False
005,2,1.0,6,5,68.5,0,2,6,15.0,17.6,17.3,False
007,3,1.0,6,5,62.0,0,2,6,14.6,18.0,16.9,False
003,6,1.0,4,3,57.5,0,1,4,14.1,16.6,23.4,False
005,8,1.0,5,4,57.0,0,1,5,15.8,12.0,12.7,False
004,4,1.0,2,1,55.0,0,1,2,16.4,21.3,30.7,False
005,6,1.0,6,5,49.0,0,1,5,10.7,11.5,11.0,False
001,4,1.0,6,3,45.0,0,3,6,19.0,19.9,25.8,False
005,4,1.005,5,3,43.5,0,1,5,10.1,19.5,8.8,False
007,5,0.734,4,3,40.0,0,1,3,16.8,28.5,15.6,False
008,6,0.948,4,2,39.0,0,4,4,15.2,20.9,24.6,False
001,6,1.0,5,3,38.5,0,1,5,12.5,14.5,18.9,False
008,2,1.0,3,2,38.0,0,0,3,8.9,8.9,17.8,False
001,2,1.0,5,3,27.0,0,2,5,11.3,26.0,14.2,False
003,8,1.0,3,2,15.0,0,1,3,9.5,13.8,26.1,False
016,7,1.0,2,1,10.0,0,1,2,26.0,19.7,15.8,False
003,2,1.0,5,4,7.0,0,2,5,11.1,14.3,17.3,False
001,1,0.292,2,2,,0,0,1,7.1,16.9,0.4,False
001,3,0.995,5,4,,0,0,5,11.5,12.3,10.4,False
001,5,1.0,4,3,,0,2,4,20.4,28.1,25.6,False
001,7,1.0,4,4,,0,2,4,18.2,11.3,20.0,False
001,10,0.745,1,1,,0,0,1,11.3,22.5,8.1,False
003,3,1.0,4,3,,0,3,4,16.6,24.3,18.7,False
003,5,1.0,2,1,,0,1,2,18.5,25.4,23.3,False
003,7,1.0,2,2,,0,0,2,5.6,5.0,1.8,False
003,9,0.354,1,0,,0,1,1,30.1,26.9,48.4,False
004,1,0.698,3,3,,0,0,2,11.4,19.5,10.0,False
004,3,1.0,3,2,,0,1,3,12.8,13.3,12.8,False
004,5,0.974,4,3,,0,0,3,27.1,15.5,25.1,False
004,9,0.057,1,0,,0,0,0,,,,False
005,1,0.531,4,4,,0,1,2,17.2,38.2,28.5,False
005,3,1.0,6,4,,0,2,6,9.5,13.8,11.3,False
005,5,1.0,4,4,,0,0,4,5.5,6.8,2.6,False
005,9,1.0,4,2,,0,0,4,11.9,13.3,15.0,False
005,10,0.365,1,0,,0,1,1,20.5,32.6,33.6,False
007,1,0.583,4,4,,0,0,3,12.6,15.1,17.2,False
007,2,1.0,5,4,,0,0,5,14.6,12.9,9.8,False
007,4,1.0,4,4,,0,0,4,13.4,15.0,10.4,False
007,7,1.0,3,2,,0,0,3,14.6,15.7,13.0,False
007,9,0.323,1,0,,0,0,1,23.0,15.6,15.6,False
008,1,0.5,2,2,,0,0,1,15.6,11.2,5.3,False
008,5,1.0,4,3,,0,4,4,10.8,17.4,22.8,False
008,10,0.354,1,0,,0,1,1,14.3,22.1,21.0,False
009,1,0.698,6,5,,0,1,3,12.0,12.0,26.6,False
009,3,1.0,5,4,,0,2,5,12.8,20.0,19.2,False
009,7,1.0,5,3,,0,3,5,13.1,13.5,24.6,False
010,1,0.667,10,8,,0,1,6,7.4,8.8,7.9,False
010,3,1.0,8,6,,0,0,8,14.7,14.8,10.6,False
010,5,1.0,9,5,,0,1,9,17.8,22.5,15.8,False
010,7,0.948,10,5,,0,0,10,16.0,23.2,17.4,False
010,9,0.208,1,0,,0,1,1,35.2,53.9,47.2,False
011,11,0.089,1,0,,0,0,0,,,,False
012,3,1.0,10,6,,0,0,10,5.2,3.8,3.8,False
013,1,0.417,4,4,,0,0,3,10.5,15.8,12.8,False
014,1,0.349,2,2,,0,0,1,5.4,10.8,3.6,False
014,3,1.0,6,4,,0,2,6,13.3,16.3,19.7,False
014,7,1.0,6,4,,0,5,6,16.5,25.6,32.3,False
016,4,1.0,2,1,,0,2,2,20.0,24.5,34.0,False
016,8,1.0,1,0,,0,1,1,15.2,18.4,8.3,False
