user_id,day_index,minute_of_day,local_time,glucose_mg_dl
p_012,6,2,00:02,128.0
p_012,6,7,00:07,128.0
p_012,6,12,00:12,128.0
p_012,6,17,00:17,129.0
p_012,6,22,00:22,129.0
p_012,6,27,00:27,129.0
p_012,6,32,00:32,129.0
p_012,6,37,00:37,131.0
p_012,6,42,00:42,133.0
p_012,6,47,00:47,135.0
p_012,6,52,00:52,134.0
p_012,6,57,00:57,133.0
p_012,6,62,01:02,131.0
p_012,6,67,01:07,129.0
p_012,6,72,01:12,128.0
p_012,6,77,01:17,126.0
p_012,6,82,01:22,123.0
p_012,6,87,01:27,121.0
p_012,6,92,01:32,120.0
p_012,6,97,01:37,122.0
p_012,6,102,01:42,124.0
p_012,6,107,01:47,126.0
p_012,6,112,01:52,126.0
p_012,6,117,01:57,126.0
p_012,6,122,02:02,124.0
p_012,6,127,02:07,123.0
p_012,6,132,02:12,123.0
p_012,6,137,02:17,124.0
p_012,6,142,02:22,123.0
p_012,6,147,02:27,121.0
p_012,6,152,02:32,120.0
p_012,6,157,02:37,120.0
p_012,6,162,02:42,120.0
p_012,6,167,02:47,120.0
p_012,6,172,02:52,120.0
p_012,6,177,02:57,120.0
p_012,6,182,03:02,121.0
p_012,6,187,03:07,121.0
p_012,6,192,03:12,121.0
p_012,6,197,03:17,120.0
p_012,6,202,03:22,118.0
p_012,6,207,03:27,116.0
p_012,6,212,03:32,116.0
p_012,6,217,03:37,119.0
p_012,6,222,03:42,121.0
p_012,6,227,03:47,123.0
p_012,6,232,03:52,123.0
p_012,6,237,03:57,123.0
p_012,6,242,04:02,123.0
p_012,6,247,04:07,124.0
p_012,6,252,04:12,124.0
p_012,6,257,04:17,125.0
p_012,6,262,04:22,125.0
p_012,6,267,04:27,124.0
p_012,6,272,04:32,123.0
p_012,6,277,04:37,121.0
p_012,6,282,04:42,120.0
p_012,6,287,04:47,120.0
p_012,6,292,04:52,121.0
p_012,6,297,04:57,122.0
p_012,6,302,05:02,122.0
p_012,6,307,05:07,122.0
p_012,6,312,05:12,121.0
p_012,6,317,05:17,121.0
p_012,6,322,05:22,119.0
p_012,6,327,05:27,118.0
p_012,6,332,05:32,117.0
p_012,6,337,05:37,117.0
p_012,6,342,05:42,117.0
p_012,6,347,05:47,117.0
p_012,6,352,05:52,115.0
p_012,6,357,05:57,114.0
p_012,6,362,06:02,112.0
p_012,6,367,06:07,113.0
p_012,6,372,06:12,116.0
p_012,6,377,06:17,125.0
p_012,6,382,06:22,141.0
p_012,6,387,06:27,159.0
p_012,6,392,06:32,170.0
p_012,6,397,06:37,174.0
p_012,6,402,06:42,173.0
p_012,6,407,06:47,167.0
p_012,6,412,06:52,152.0
p_012,6,417,06:57,136.0
p_012,6,422,07:02,122.0
p_012,6,427,07:07,114.0
p_012,6,432,07:12,108.0
p_012,6,437,07:17,109.0
p_012,6,442,07:22,115.0
p_012,6,447,07:27,120.0
p_012,6,452,07:32,122.0
p_012,6,457,07:37,121.0
p_012,6,462,07:42,123.0
p_012,6,467,07:47,125.0
p_012,6,472,07:52,126.0
p_012,6,477,07:57,128.0
p_012,6,482,08:02,132.0
p_012,6,487,08:07,136.0
p_012,6,492,08:12,139.0
p_012,6,497,08:17,139.0
p_012,6,502,08:22,136.0
p_012,6,507,08:27,130.0
p_012,6,512,08:32,123.0
p_012,6,517,08:37,115.0
p_012,6,522,08:42,110.0
p_012,6,527,08:47,107.0
p_012,6,532,08:52,106.0
p_012,6,537,08:57,105.0
p_012,6,542,09:02,105.0
p_012,6,547,09:07,105.0
p_012,6,552,09:12,106.0
p_012,6,557,09:17,108.0
p_012,6,562,09:22,111.0
p_012,6,567,09:27,115.0
p_012,6,572,09:32,118.0
p_012,6,577,09:37,120.0
p_012,6,582,09:42,119.0
p_012,6,587,09:47,118.0
p_012,6,592,09:52,116.0
p_012,6,597,09:57,115.0
p_012,6,602,10:02,115.0
p_012,6,607,10:07,115.0
p_012,6,612,10:12,113.0
p_012,6,617,10:17,110.0
p_012,6,622,10:22,107.0
p_012,6,627,10:27,107.0
p_012,6,632,10:32,108.0
p_012,6,637,10:37,110.0
p_012,6,642,10:42,112.0
p_012,6,647,10:47,114.0
p_012,6,652,10:52,116.0
p_012,6,657,10:57,118.0
p_012,6,662,11:02,119.0
p_012,6,667,11:07,118.0
p_012,6,672,11:12,116.0
p_012,6,677,11:17,114.0
p_012,6,682,11:22,112.0
p_012,6,687,11:27,111.0
p_012,6,692,11:32,113.0
p_012,6,697,11:37,117.0
p_012,6,702,11:42,121.0
p_012,6,707,11:47,122.0
p_012,6,712,11:52,121.0
p_012,6,717,11:57,120.0
p_012,6,722,12:02,119.0
p_012,6,727,12:07,117.0
p_012,6,732,12:12,115.0
p_012,6,737,12:17,113.0
p_012,6,742,12:22,112.0
p_012,6,747,12:27,110.0
p_012,6,752,12:32,110.0
p_012,6,757,12:37,114.0
p_012,6,762,12:42,118.0
p_012,6,767,12:47,122.0
p_012,6,772,12:52,123.0
p_012,6,777,12:57,122.0
p_012,6,782,13:02,121.0
p_012,6,787,13:07,121.0
p_012,6,792,13:12,121.0
p_012,6,797,13:17,121.0
p_012,6,802,13:22,121.0
p_012,6,807,13:27,121.0
p_012,6,812,13:32,120.0
p_012,6,817,13:37,118.0
p_012,6,822,13:42,116.0
p_012,6,827,13:47,113.0
p_012,6,832,13:52,112.0
p_012,6,837,13:57,112.0
p_012,6,842,14:02,112.0
p_012,6,847,14:07,113.0
p_012,6,852,14:12,113.0
p_012,6,857,14:17,114.0
p_012,6,862,14:22,115.0
p_012,6,867,14:27,116.0
p_012,6,872,14:32,117.0
p_012,6,877,14:37,118.0
p_012,6,882,14:42,119.0
p_012,6,887,14:47,120.0
p_012,6,892,14:52,120.0
p_012,6,897,14:57,120.0
p_012,6,902,15:02,120.0
p_012,6,907,15:07,120.0
p_012,6,912,15:12,121.0
p_012,6,917,15:17,122.0
p_012,6,922,15:22,123.0
p_012,6,927,15:27,124.0
p_012,6,932,15:32,125.0
p_012,6,937,15:37,125.0
p_012,6,942,15:42,124.0
p_012,6,947,15:47,123.0
p_012,6,952,15:52,122.0
p_012,6,957,15:57,122.0
p_012,6,962,16:02,121.0
p_012,6,967,16:07,120.0
p_012,6,972,16:12,120.0
p_012,6,977,16:17,120.0
p_012,6,982,16:22,119.0
p_012,6,987,16:27,118.0
p_012,6,992,16:32,117.0
p_012,6,997,16:37,116.0
p_012,6,1002,16:42,115.0
p_012,6,1007,16:47,114.0
p_012,6,1012,16:52,113.0
p_012,6,1017,16:57,112.0
p_012,6,1022,17:02,112.0
p_012,6,1027,17:07,113.0
p_012,6,1032,17:12,114.0
p_012,6,1037,17:17,114.0
p_012,6,1042,17:22,114.0
p_012,6,1047,17:27,114.0
p_012,6,1052,17:32,114.0
p_012,6,1057,17:37,113.0
p_012,6,1062,17:42,112.0
p_012,6,1067,17:47,109.0
p_012,6,1072,17:52,106.0
p_012,6,1077,17:57,105.0
p_012,6,1082,18:02,104.0
p_012,6,1087,18:07,104.0
p_012,6,1092,18:12,104.0
p_012,6,1097,18:17,103.0
p_012,6,1102,18:22,102.0
p_012,6,1107,18:27,102.0
p_012,6,1112,18:32,102.0
p_012,6,1117,18:37,103.0
p_012,6,1122,18:42,104.0
p_012,6,1127,18:47,105.0
p_012,6,1132,18:52,106.0
p_012,6,1137,18:57,106.0
p_012,6,1142,19:02,105.0
p_012,6,1147,19:07,103.0
p_012,6,1152,19:12,100.0
p_012,6,1157,19:17,99.0
p_012,6,1162,19:22,99.0
p_012,6,1167,19:27,100.0
p_012,6,1172,19:32,101.0
p_012,6,1177,19:37,103.0
p_012,6,1182,19:42,109.0
p_012,6,1187,19:47,118.0
p_012,6,1192,19:52,129.0
p_012,6,1197,19:57,136.0
p_012,6,1202,20:02,136.0
p_012,6,1207,20:07,131.0
p_012,6,1212,20:12,129.0
p_012,6,1217,20:17,134.0
p_012,6,1222,20:22,143.0
p_012,6,1227,20:27,152.0
p_012,6,1232,20:32,158.0
p_012,6,1237,20:37,160.0
p_012,6,1242,20:42,161.0
p_012,6,1247,20:47,161.0
p_012,6,1252,20:52,160.0
p_012,6,1257,20:57,158.0
p_012,6,1262,21:02,154.0
p_012,6,1267,21:07,144.0
p_012,6,1272,21:12,129.0
p_012,6,1277,21:17,114.0
p_012,6,1282,21:22,104.0
p_012,6,1287,21:27,97.0
p_012,6,1292,21:32,90.0
p_012,6,1297,21:37,81.0
p_012,6,1302,21:42,75.0
p_012,6,1307,21:47,76.0
p_012,6,1312,21:52,81.0
p_012,6,1317,21:57,92.0
p_012,6,1322,22:02,102.0
p_012,6,1327,22:07,109.0
p_012,6,1332,22:12,112.0
p_012,6,1337,22:17,117.0
p_012,6,1342,22:22,121.0
p_012,6,1347,22:27,120.0
p_012,6,1352,22:32,117.0
p_012,6,1357,22:37,115.0
p_012,6,1362,22:42,115.0
p_012,6,1367,22:47,115.0
p_012,6,1372,22:52,114.0
p_012,6,1377,22:57,113.0
p_012,6,1382,23:02,111.0
p_012,6,1387,23:07,109.0
p_012,6,1392,23:12,108.0
p_012,6,1397,23:17,108.0
p_012,6,1402,23:22,108.0
p_012,6,1407,23:27,109.0
p_012,6,1412,23:32,111.0
p_012,6,1417,23:37,112.0
p_012,6,1422,23:42,112.0
p_012,6,1427,23:47,113.0
p_012,6,1432,23:52,113.0
p_012,6,1437,23:57,114.0
