user_id,meal_id,day_index,minute_of_day,items,carbs_g,sugar_g,fiber_g,protein_g,fat_g,calories,is_standard_breakfast
p_012,012-045,6,354,Milk | Frosted Flake,56.5,24.0,1.0,8.0,2.5,280.0,True
p_012,012-046,6,460,Whole Wheat Toast | Butter | Cream Cheese | Coffee | Cream | Stevia,31.7,5.1,3.8,11.2,29.8,416.4,False
p_012,012-047,6,531,Stevia | Coffee | Half and Half,4.699999999999999,1.2,0.0,1.2,3.2,39.4,False
p_012,012-048,6,630,(Smoke House) Almonds,9.0,2.1,4.7,8.9,20.4,255.0,False
p_012,012-049,6,761,"Salad - (chicken, tomato, ranch)",22.0,5.9,3.5,43.0,35.0,576.0,False
p_012,012-050,6,995,Diet Coke,0.4,0.0,0.0,0.0,0.0,0.0,False
p_012,012-051,6,1065,Vodka Gray Goose | Kale | Mozzarella | Chicken Burger | Green Beans,74.8,12.9,10.8,40.2,27.1,769.0,False
p_012,012-052,6,1142,Whole Wheat Toast with Butter,29.0,3.3,1.6,5.2,9.6,222.0,False
p_012,012-053,6,1164,Angle Food Candy from Mother,58.0,55.7,0.4,1.5,8.23,292.0,False
